{
  "Bitcoin": {
    "ARIMA": {
      "order": [
        1,
        1,
        1
      ],
      "rmse": 21144.8770866538,
      "mae": 15789.131898404416,
      "r2": -0.7726982982620088
    },
    "LSTM": {
      "rmse": 4309.503718153473,
      "mae": 3521.208593276515,
      "r2": 0.9268661761499193
    }
  },
  "Ethereum": {
    "ARIMA": {
      "order": [
        1,
        1,
        1
      ],
      "rmse": 614.3154566375711,
      "mae": 516.8829022873604,
      "r2": -0.0720609993086545
    },
    "LSTM": {
      "rmse": 135.7595809012513,
      "mae": 100.27290354225852,
      "r2": 0.9494248942492639
    }
  },
  "Dogecoin": {
    "ARIMA": {
      "order": [
        1,
        0,
        1
      ],
      "rmse": 0.13486742296698012,
      "mae": 0.09043304759300022,
      "r2": -0.6446318363946628
    },
    "LSTM": {
      "rmse": 0.015838585154627268,
      "mae": 0.010458272158557718,
      "r2": 0.9779017119144595
    }
  }
}