{
  "Bitcoin": {
    "best_model": "Ridge",
    "metrics": {
      "Ridge": {
        "RMSE": 2087.5714236486974,
        "MAE": 1493.1566597100116,
        "R2": 0.9827214543656909
      },
      "Lasso": {
        "RMSE": 2119.014070417773,
        "MAE": 1533.1009844715338,
        "R2": 0.9821970415282387
      },
      "Linear": {
        "RMSE": 2087.62462960541,
        "MAE": 1493.201694885827,
        "R2": 0.9827205735974872
      },
      "RF": {
        "RMSE": 17292.07325858855,
        "MAE": 11953.426092543818,
        "R2": -0.1855466055304269
      },
      "GBR": {
        "RMSE": 17330.46884153664,
        "MAE": 11988.572395474814,
        "R2": -0.19081726205918637
      },
      "SVR": {
        "RMSE": 47151.41350931025,
        "MAE": 44226.750372261755,
        "R2": -7.814829796332827
      }
    }
  },
  "Ethereum": {
    "best_model": "Lasso",
    "metrics": {
      "Ridge": {
        "RMSE": 106.02042653729141,
        "MAE": 76.01797151416274,
        "R2": 0.968068765734414
      },
      "Lasso": {
        "RMSE": 105.35141702650083,
        "MAE": 75.30120745152705,
        "R2": 0.9684704788755226
      },
      "Linear": {
        "RMSE": 106.2727743879356,
        "MAE": 76.22084226466862,
        "R2": 0.9679165805737613
      },
      "RF": {
        "RMSE": 119.51272958993376,
        "MAE": 88.67911535087701,
        "R2": 0.9594244007269417
      },
      "GBR": {
        "RMSE": 116.59191343702881,
        "MAE": 86.29595453490771,
        "R2": 0.9613834500081085
      },
      "SVR": {
        "RMSE": 440.0793099265756,
        "MAE": 332.366647752889,
        "R2": 0.44982796243762235
      }
    }
  },
  "Dogecoin": {
    "best_model": "Lasso",
    "metrics": {
      "Ridge": {
        "RMSE": 0.013986444940689393,
        "MAE": 0.008670541870160834,
        "R2": 0.982312385887094
      },
      "Lasso": {
        "RMSE": 0.0131739917967717,
        "MAE": 0.00821500452222738,
        "R2": 0.9843076006400282
      },
      "Linear": {
        "RMSE": 0.013849930132652573,
        "MAE": 0.008803899685390899,
        "R2": 0.9826559810308816
      },
      "RF": {
        "RMSE": 0.020748288876879933,
        "MAE": 0.013295763304093603,
        "R2": 0.9610758491721042
      },
      "GBR": {
        "RMSE": 0.02299044942282131,
        "MAE": 0.014329079973497378,
        "R2": 0.9522086281834482
      },
      "SVR": {
        "RMSE": 0.07061450942494664,
        "MAE": 0.06293955001763567,
        "R2": 0.5491392103307438
      }
    }
  }
}